booking_id,bookingDate,booking_source,enquiry_source,lead_id_booking,lead_name_booking,projectName_booking,referral_enquiry_id,referral_submitted_on,referrer_user_id,referrer_name,projectName_referral,same_project,booking_marked_referral,suspected_bypass_diagnostic
4913,2026-03-15 00:00:00,CHANNEL_PARTNER,CHANNEL_PARTNER,901.0,Sunita Chatterjee,Aloha Alora,9142,2026-03-11 12:41:57.766398,1930,nitya,Aloha Alora,True,False,True
3331,2025-04-03 00:00:00,CHANNEL_PARTNER,CHANNEL_PARTNER,898.0,Siddharth Patel,Aloha Alora,5989,2025-04-01 15:15:42.553829,1497,Nasser,Aloha Alora,True,False,True
935,2024-09-05 00:00:00,CHANNEL_PARTNER,CHANNEL_PARTNER,887.0,Aarti Desai,Aloha Sky,3608,2024-09-02 15:27:01.683765,914,Fatima,Aloha Sky,True,False,True
1206,2024-06-22 23:00:00,,CHANNEL_PARTNER,897.0,Deepika Verma,Aloha Homes,1784,2024-06-20 16:58:51.247138,541,Shivaleela,Aloha Homes,True,False,True
4785,2026-02-17 00:00:00,REFERRAL,REFERRAL,883.0,Priya Sharma,Aloha Alora,8888,2026-02-13 19:22:49.620701,1878,Sumit,Aloha Alora,True,True,False
3163,2025-02-12 00:00:00,REFERRAL,REFERRAL,1206.0,Test,Aloha Homes,5053,2025-01-21 14:38:56.125362,319,Anirudh Agarwal,Aloha Homes,True,True,False
2523,2024-11-18 00:00:00,REFERRAL,REFERRAL,1081.0,Anirudh Agarwal,Mahindra Happinest Palghar,4248,2024-10-24 12:12:14.282769,319,Anirudh Agarwal,Aloha Homes,False,True,False
2481,2024-11-14 00:00:00,REFERRAL,REFERRAL,774.0,Test Lead Reloy,Aloha Sky,776,2024-05-28 15:47:53.971832,392,Anmol M,Aloha Sky,True,True,False
2484,2024-11-14 00:00:00,REFERRAL,REFERRAL,1081.0,Anirudh Agarwal,Aloha Homes,4248,2024-10-24 12:12:14.282769,319,Anirudh Agarwal,Aloha Homes,True,True,False
2436,2024-11-06 00:00:00,REFERRAL,REFERRAL,1166.0,Abc,Aloha Alora,4322,2024-11-05 15:49:29.043241,1085,Priya,Aloha Alora,True,True,False
2310,2024-10-11 00:00:00,REFERRAL,REFERRAL,1130.0,Morris Rohan,MHADA Bombay Dyeing,3740,2024-09-23 15:06:05.401317,453,morris,MHADA Bombay Dyeing,True,True,False
2076,2024-09-17 00:00:00,REFERRAL,REFERRAL,1090.0,TEST,Aloha Sky,3630,2024-09-09 16:42:48.978739,319,Anirudh Agarwal,Aloha Sky,True,True,False
1999,2024-08-21 00:00:00,REFERRAL,REFERRAL,1075.0,Ajdkkrnnf,Aloha Homes,3402,2024-08-06 11:56:00.681195,319,Anirudh Agarwal,Aloha Homes,True,True,False
1780,2024-07-29 00:00:00,REFERRAL,REFERRAL,678.0,Test Lead Reloy,Aloha Homes,679,2024-05-13 16:32:41.276047,319,Anirudh Agarwal,Aloha Homes,True,True,False
1781,2024-07-29 00:00:00,REFERRAL,REFERRAL,762.0,efijowdf,Aloha Sky,764,2024-05-28 13:47:35.356975,319,Anirudh Agarwal,Aloha Sky,True,True,False
1782,2024-07-29 00:00:00,REFERRAL,REFERRAL,761.0,TEST,Aloha Sky,763,2024-05-28 13:47:05.536331,319,Anirudh Agarwal,Aloha Sky,True,True,False
1747,2024-07-25 00:00:00,REFERRAL,REFERRAL,1042.0,Asdjkdj,Aloha Sky,2415,2024-07-09 12:00:51.773180,319,Anirudh Agarwal,Aloha Sky,True,True,False
1494,2024-07-11 23:00:00,REFERRAL,REFERRAL,1043.0,Test Lead 3,Aloha Homes,2514,2024-07-11 17:39:06.327752,608,Kevin,Aloha Homes,True,True,False
1385,2024-07-05 23:00:00,REFERRAL,REFERRAL,1040.0,Test Ref 1,Aloha Sky,2267,2024-07-05 11:37:31.848721,601,Test Customer One,Aloha Sky,True,True,False
903,2024-06-05 00:00:00,REFERRAL,REFERRAL,763.0,TESt,Aloha Sky,765,2024-05-28 13:48:18.125853,319,Anirudh Agarwal,Aloha Sky,True,True,False
