case_type,needs_manual_review,booking_id,booking_timeline_at,booking_project_name,booking_source_norm,enquiry_source_norm,booking_lead_id,booking_lead_name,agreementValue_num,referral_enquiry_id,referral_submitted_at,referral_project_name,same_project,days_between_referral_and_booking,referrer_name,prior_referral_count
Honored Referral Booking,False,903,2024-06-05 00:00:00,Aloha Sky,REFERRAL,REFERRAL,763,TESt,10000.0,765,2024-05-28 13:48:18.125853,Aloha Sky,True,7.424790210034723,Anirudh Agarwal,1
Honored Referral Booking,False,1385,2024-07-05 23:00:00,Aloha Sky,REFERRAL,REFERRAL,1040,Test Ref 1,50000000.0,2267,2024-07-05 11:37:31.848721,Aloha Sky,True,0.473936936099537,Test Customer One,1
Honored Referral Booking,False,1494,2024-07-11 23:00:00,Aloha Homes,REFERRAL,REFERRAL,1043,Test Lead 3,50000000.0,2514,2024-07-11 17:39:06.327752,Aloha Homes,True,0.2228434287962963,Kevin,1
Honored Referral Booking,False,1747,2024-07-25 00:00:00,Aloha Sky,REFERRAL,REFERRAL,1042,Asdjkdj,100000.0,2415,2024-07-09 12:00:51.773180,Aloha Sky,True,15.49940077337963,Anirudh Agarwal,1
Honored Referral Booking,False,1780,2024-07-29 00:00:00,Aloha Homes,REFERRAL,REFERRAL,678,Test Lead Reloy,10000000.0,679,2024-05-13 16:32:41.276047,Aloha Homes,True,76.31063337908566,Anirudh Agarwal,1
Honored Referral Booking,False,1781,2024-07-29 00:00:00,Aloha Sky,REFERRAL,REFERRAL,762,efijowdf,100000.0,764,2024-05-28 13:47:35.356975,Aloha Sky,True,61.425285220196756,Anirudh Agarwal,1
Honored Referral Booking,False,1782,2024-07-29 00:00:00,Aloha Sky,REFERRAL,REFERRAL,761,TEST,10000.0,763,2024-05-28 13:47:05.536331,Aloha Sky,True,61.42563036653935,Anirudh Agarwal,1
Honored Referral Booking,False,1999,2024-08-21 00:00:00,Aloha Homes,REFERRAL,REFERRAL,1075,Ajdkkrnnf,100000.0,3402,2024-08-06 11:56:00.681195,Aloha Homes,True,14.502769893576389,Anirudh Agarwal,1
Honored Referral Booking,False,2076,2024-09-17 00:00:00,Aloha Sky,REFERRAL,REFERRAL,1090,TEST,100000.0,3630,2024-09-09 16:42:48.978739,Aloha Sky,True,7.303599783113426,Anirudh Agarwal,1
Honored Referral Booking,False,2310,2024-10-11 00:00:00,MHADA Bombay Dyeing,REFERRAL,REFERRAL,1130,Morris Rohan,1000000.0,3740,2024-09-23 15:06:05.401317,MHADA Bombay Dyeing,True,17.37077081809028,morris,1
Honored Referral Booking,False,2436,2024-11-06 00:00:00,Aloha Alora,REFERRAL,REFERRAL,1166,Abc,10000000.0,4322,2024-11-05 15:49:29.043241,Aloha Alora,True,0.34063607359953707,Priya,1
Honored Referral Booking,False,2481,2024-11-14 00:00:00,Aloha Sky,REFERRAL,REFERRAL,774,Test Lead Reloy,10000000.0,776,2024-05-28 15:47:53.971832,Aloha Sky,True,169.34173643712964,Anmol M,1
Honored Referral Booking,True,2484,2024-11-14 00:00:00,Aloha Homes,REFERRAL,REFERRAL,1081,Anirudh Agarwal,100000.0,4248,2024-10-24 12:12:14.282769,Aloha Homes,True,20.491501356840278,Anirudh Agarwal,2
Honored Referral Booking,True,2523,2024-11-18 00:00:00,Mahindra Happinest Palghar,REFERRAL,REFERRAL,1081,Anirudh Agarwal,10000.0,4248,2024-10-24 12:12:14.282769,Aloha Homes,False,24.491501356840274,Anirudh Agarwal,2
Honored Referral Booking,False,3163,2025-02-12 00:00:00,Aloha Homes,REFERRAL,REFERRAL,1206,Test,10000000.0,5053,2025-01-21 14:38:56.125362,Aloha Homes,True,21.389628178680557,Anirudh Agarwal,1
Honored Referral Booking,True,4785,2026-02-17 00:00:00,Aloha Alora,REFERRAL,REFERRAL,883,Priya Sharma,500.0,8888,2026-02-13 19:22:49.620701,Aloha Alora,True,3.1924812418865742,Sumit,233
Suspected Referral Bypass,True,1206,2024-06-22 23:00:00,Aloha Homes,<NULL>,CHANNEL_PARTNER,897,Deepika Verma,50000.0,1784,2024-06-20 16:58:51.247138,Aloha Homes,True,2.2507957507175926,Shivaleela,10
Suspected Referral Bypass,True,935,2024-09-05 00:00:00,Aloha Sky,CHANNEL_PARTNER,CHANNEL_PARTNER,887,Aarti Desai,11111111.0,3608,2024-09-02 15:27:01.683765,Aloha Sky,True,2.3562305119791667,Fatima,62
Suspected Referral Bypass,True,3331,2025-04-03 00:00:00,Aloha Alora,CHANNEL_PARTNER,CHANNEL_PARTNER,898,Siddharth Patel,5000000.0,5989,2025-04-01 15:15:42.553829,Aloha Alora,True,1.3640908121643518,Nasser,136
Suspected Referral Bypass,True,4913,2026-03-15 00:00:00,Aloha Alora,CHANNEL_PARTNER,CHANNEL_PARTNER,901,Sunita Chatterjee,2000000.0,9142,2026-03-11 12:41:57.766398,Aloha Alora,True,3.470859185208333,nitya,238
