metric_key,metric,value,numerator,denominator,unit,definition,decision_use,not_a_claim
filtered_bookings,Filtered production-like bookings,4713,,,bookings,Bookings remaining after the configured test/demo filter.,Base for operational workload context.,Not a count of referral-attributable bookings.
identity_overlap_bookings,Identity-overlap bookings,4062,4062,4713,bookings,Filtered bookings sharing exact client + lead_id with at least one referral.,Shows where the time-order gate has evidence to evaluate.,Not a conversion or bypass rate.
eligible_prior_referral_bookings,Eligible prior-referral bookings,12,12,4062,bookings,Bookings with at least one time-valid referral under the primary route.,Conditional cohort for strict honored and primary review rates.,Not the total booking population.
strict_honored_rate,Strict honored rate among eligible bookings,0.666666666667,8,12,rate,Eligible bookings whose recorded booking source is REFERRAL.,Checks recorded attribution inside the eligible path.,Does not prove commission payment or ownership.
primary_review_rate,Primary review rate among eligible bookings,0.333333333333,4,12,rate,Eligible bookings that are not strictly honored.,Conditional attribution-quality diagnostic.,Not a system-wide bypass rate.
primary_review_per_1000_filtered_bookings,"Primary review cases per 1,000 filtered bookings",0.848716316571,4,4713,"cases per 1,000 bookings",Primary review cases scaled to the filtered production-like booking base.,Headline estimate of routine Ops review workload.,Not a commission-loss or fraud rate.
tier_b_primary_cases,Tier B primary review cases,4,4,4,cases,Primary review bookings with multiple prior referrers or timeline ambiguity.,Shows ownership ambiguity that requires manual review.,Not confirmed bypass or fraud.
tier_c_identity_cases,Tier C identity cases,3,,,cases,Secondary exact encrypted-identity matches outside the primary route.,Separate identity-confirmation queue.,Does not change the primary review count.
reverse_time_source_disagreements,Reverse-time source disagreements,28,,,records,Same-enquiry records where booking time precedes referral time and sources disagree.,Data Integrity backlog for chronology repair.,Never primary bypass evidence or unpaid commission count.
tier_b_agreement_value_sum,Tier B agreement value sum,18161111,,,agreement-value context,"Sum of recorded agreement values for Tier B cases, retained with quality flags.",Prioritization context for source-CRM review.,"Not commission, loss, margin, or recoverable impact."
tier_b_agreement_value_median,Tier B agreement value median,3500000,,,agreement-value context,"Median of recorded Tier B agreement values, including values that retain a separate sanity flag.",Reduces the influence of one very large recorded value during case review.,"Not commission, loss, margin, or recoverable impact."
tier_b_agreement_value_min,Tier B agreement value minimum,50000,,,agreement-value context,"Smallest recorded Tier B agreement value, retained with quality flags.",Provides the lower bound of the review-queue transaction context.,"Not commission, loss, margin, or recoverable impact."
tier_b_agreement_value_max,Tier B agreement value maximum,11111111,,,agreement-value context,"Largest recorded Tier B agreement value, retained with quality flags.",Highlights records that need source-value verification before prioritization.,"Not commission, loss, margin, or recoverable impact."
tier_b_repeated_digit_flags,Tier B repeated-digit value flags,1,,,cases,Tier B cases whose agreement value looks like a keyboard-pattern placeholder.,Prompts value verification without removing the case.,Does not invalidate the attribution review by itself.
tier_b_missing_value_flags,Tier B missing agreement value flags,0,,,cases,Tier B cases without a usable recorded agreement value.,Shows whether source-value verification is required before value context can be reviewed.,Does not invalidate the attribution review by itself.
tier_b_non_positive_value_flags,Tier B non-positive agreement value flags,0,,,cases,Tier B cases with a zero or negative recorded agreement value.,Prompts source-value verification without suppressing the attribution case.,Does not invalidate the attribution review by itself.
