policy_id,policy_label,recommended_policy,booking_id,prior_referral_count,prior_referrer_count,earliest_days_between_referral_and_booking,latest_days_between_referral_and_booking,same_project_prior_referral_available,reference_referral_enquiry_id,reference_referrer_user_id,auto_assignable,manual_review_required,owner_result,policy_decision,manual_reason
P-LAST,Latest prior referrer owns,False,1206,10,10,2.25079575072,5.15313980551,True,1784,541,True,False,541,Auto assign latest prior referrer,
P-LAST,Latest prior referrer owns,False,1747,1,1,15.4994007734,15.4994007734,True,2415,319,True,False,319,Auto assign latest prior referrer,
P-LAST,Latest prior referrer owns,False,1781,1,1,61.4252852202,61.4252852202,True,764,319,True,False,319,Auto assign latest prior referrer,
P-LAST,Latest prior referrer owns,False,1999,1,1,14.5027698936,14.5027698936,True,3402,319,True,False,319,Auto assign latest prior referrer,
P-LAST,Latest prior referrer owns,False,2310,1,1,17.3707708181,17.3707708181,True,3740,453,True,False,453,Auto assign latest prior referrer,
P-LAST,Latest prior referrer owns,False,2436,1,1,0.3406360736,0.3406360736,True,4322,1085,True,False,1085,Auto assign latest prior referrer,
P-LAST,Latest prior referrer owns,False,2484,2,1,20.4915013568,71.5392780775,True,4248,319,True,False,319,Auto assign latest prior referrer,
P-LAST,Latest prior referrer owns,False,2523,2,1,24.4915013568,75.5392780775,True,4248,319,True,False,319,Auto assign latest prior referrer,
P-LAST,Latest prior referrer owns,False,3331,134,134,1.36409081216,289.194795626,True,5989,1497,True,False,1497,Auto assign latest prior referrer,
P-LAST,Latest prior referrer owns,False,4785,231,231,3.19248124189,609.194967126,True,8888,1878,True,False,1878,Auto assign latest prior referrer,
P-LAST,Latest prior referrer owns,False,4913,236,236,3.47085918521,635.194756831,True,9142,1930,True,False,1930,Auto assign latest prior referrer,
P-LAST,Latest prior referrer owns,False,935,61,61,2.35623051198,79.1949216639,True,3608,914,True,False,914,Auto assign latest prior referrer,
P-FIRST,First prior referrer owns,False,1206,10,10,2.25079575072,5.15313980551,True,1784,541,True,False,522,Auto assign first prior referrer,
P-FIRST,First prior referrer owns,False,1747,1,1,15.4994007734,15.4994007734,True,2415,319,True,False,319,Auto assign first prior referrer,
P-FIRST,First prior referrer owns,False,1781,1,1,61.4252852202,61.4252852202,True,764,319,True,False,319,Auto assign first prior referrer,
P-FIRST,First prior referrer owns,False,1999,1,1,14.5027698936,14.5027698936,True,3402,319,True,False,319,Auto assign first prior referrer,
P-FIRST,First prior referrer owns,False,2310,1,1,17.3707708181,17.3707708181,True,3740,453,True,False,453,Auto assign first prior referrer,
P-FIRST,First prior referrer owns,False,2436,1,1,0.3406360736,0.3406360736,True,4322,1085,True,False,1085,Auto assign first prior referrer,
P-FIRST,First prior referrer owns,False,2484,2,1,20.4915013568,71.5392780775,True,4248,319,True,False,319,Auto assign first prior referrer,
P-FIRST,First prior referrer owns,False,2523,2,1,24.4915013568,75.5392780775,True,4248,319,True,False,319,Auto assign first prior referrer,
P-FIRST,First prior referrer owns,False,3331,134,134,1.36409081216,289.194795626,True,5989,1497,True,False,522,Auto assign first prior referrer,
P-FIRST,First prior referrer owns,False,4785,231,231,3.19248124189,609.194967126,True,8888,1878,True,False,522,Auto assign first prior referrer,
P-FIRST,First prior referrer owns,False,4913,236,236,3.47085918521,635.194756831,True,9142,1930,True,False,522,Auto assign first prior referrer,
P-FIRST,First prior referrer owns,False,935,61,61,2.35623051198,79.1949216639,True,3608,914,True,False,522,Auto assign first prior referrer,
P-MANUAL,Manual review for multiple prior referrers,True,1206,10,10,2.25079575072,5.15313980551,True,1784,541,False,True,MANUAL_REVIEW,Manual ownership review,Multiple prior referrers require manual ownership review
P-MANUAL,Manual review for multiple prior referrers,True,1747,1,1,15.4994007734,15.4994007734,True,2415,319,True,False,319,Auto assign latest prior referrer,
P-MANUAL,Manual review for multiple prior referrers,True,1781,1,1,61.4252852202,61.4252852202,True,764,319,True,False,319,Auto assign latest prior referrer,
P-MANUAL,Manual review for multiple prior referrers,True,1999,1,1,14.5027698936,14.5027698936,True,3402,319,True,False,319,Auto assign latest prior referrer,
P-MANUAL,Manual review for multiple prior referrers,True,2310,1,1,17.3707708181,17.3707708181,True,3740,453,True,False,453,Auto assign latest prior referrer,
P-MANUAL,Manual review for multiple prior referrers,True,2436,1,1,0.3406360736,0.3406360736,True,4322,1085,True,False,1085,Auto assign latest prior referrer,
P-MANUAL,Manual review for multiple prior referrers,True,2484,2,1,20.4915013568,71.5392780775,True,4248,319,True,False,319,Auto assign latest prior referrer,
P-MANUAL,Manual review for multiple prior referrers,True,2523,2,1,24.4915013568,75.5392780775,True,4248,319,True,False,319,Auto assign latest prior referrer,
P-MANUAL,Manual review for multiple prior referrers,True,3331,134,134,1.36409081216,289.194795626,True,5989,1497,False,True,MANUAL_REVIEW,Manual ownership review,Multiple prior referrers require manual ownership review
P-MANUAL,Manual review for multiple prior referrers,True,4785,231,231,3.19248124189,609.194967126,True,8888,1878,False,True,MANUAL_REVIEW,Manual ownership review,Multiple prior referrers require manual ownership review
P-MANUAL,Manual review for multiple prior referrers,True,4913,236,236,3.47085918521,635.194756831,True,9142,1930,False,True,MANUAL_REVIEW,Manual ownership review,Multiple prior referrers require manual ownership review
P-MANUAL,Manual review for multiple prior referrers,True,935,61,61,2.35623051198,79.1949216639,True,3608,914,False,True,MANUAL_REVIEW,Manual ownership review,Multiple prior referrers require manual ownership review
P-SAME-PROJECT-LAST,Latest same-project referrer owns,False,1206,10,10,2.25079575072,5.15313980551,True,1784,541,True,False,541,Auto assign latest same-project referrer,
P-SAME-PROJECT-LAST,Latest same-project referrer owns,False,1747,1,1,15.4994007734,15.4994007734,True,2415,319,True,False,319,Auto assign latest same-project referrer,
P-SAME-PROJECT-LAST,Latest same-project referrer owns,False,1781,1,1,61.4252852202,61.4252852202,True,764,319,True,False,319,Auto assign latest same-project referrer,
P-SAME-PROJECT-LAST,Latest same-project referrer owns,False,1999,1,1,14.5027698936,14.5027698936,True,3402,319,True,False,319,Auto assign latest same-project referrer,
P-SAME-PROJECT-LAST,Latest same-project referrer owns,False,2310,1,1,17.3707708181,17.3707708181,True,3740,453,True,False,453,Auto assign latest same-project referrer,
P-SAME-PROJECT-LAST,Latest same-project referrer owns,False,2436,1,1,0.3406360736,0.3406360736,True,4322,1085,True,False,1085,Auto assign latest same-project referrer,
P-SAME-PROJECT-LAST,Latest same-project referrer owns,False,2484,2,1,20.4915013568,71.5392780775,True,4248,319,True,False,319,Auto assign latest same-project referrer,
P-SAME-PROJECT-LAST,Latest same-project referrer owns,False,2523,2,1,24.4915013568,75.5392780775,True,4248,319,True,False,319,Auto assign latest same-project referrer,
P-SAME-PROJECT-LAST,Latest same-project referrer owns,False,3331,134,134,1.36409081216,289.194795626,True,5989,1497,True,False,1497,Auto assign latest same-project referrer,
P-SAME-PROJECT-LAST,Latest same-project referrer owns,False,4785,231,231,3.19248124189,609.194967126,True,8888,1878,True,False,1878,Auto assign latest same-project referrer,
P-SAME-PROJECT-LAST,Latest same-project referrer owns,False,4913,236,236,3.47085918521,635.194756831,True,9142,1930,True,False,1930,Auto assign latest same-project referrer,
P-SAME-PROJECT-LAST,Latest same-project referrer owns,False,935,61,61,2.35623051198,79.1949216639,True,3608,914,True,False,914,Auto assign latest same-project referrer,
