case_id,confidence_tier,case_class,recommended_action,priority,priority_order,booking_id,booking_timeline_at,booking_source_norm,enquiry_source_norm,lead_id,lead_name,referral_enquiry_id,referral_submitted_at,referrer_user_id,referrer_name,prior_referral_count,prior_referrer_count,days_between_referral_and_booking,same_project,timeline_ambiguity_flag,value_sanity_flag,agreement_value,review_reason,client_name,test_demo_flag,identity_match_method,honored_definition_used
INTEGRITY-6870,Data Integrity,Reverse-time data integrity,"Validate referral and booking timestamps, then resolve the source-field disagreement.",P0 - Repair chronology,0,3765,2023-02-24 00:00:00,CHANNEL_PARTNER,REFERRAL,884,Akash Singh,6870,2025-07-22 16:39:36.730083,1629,Meenal Duville ,,,-879.694175117,True,True,Not available,,Booking date is earlier than referral submission; source mismatch cannot be scored as bypass.,aloha,False,Same referral enquiry link,booking source in ['REFERRAL']
INTEGRITY-6872,Data Integrity,Reverse-time data integrity,"Validate referral and booking timestamps, then resolve the source-field disagreement.",P0 - Repair chronology,0,3766,2023-02-27 00:00:00,CHANNEL_PARTNER,REFERRAL,887,Aarti Desai,6872,2025-07-22 16:40:06.108167,1629,Meenal Duville ,,,-876.694515141,True,True,Not available,,Booking date is earlier than referral submission; source mismatch cannot be scored as bypass.,aloha,False,Same referral enquiry link,booking source in ['REFERRAL']
INTEGRITY-6874,Data Integrity,Reverse-time data integrity,"Validate referral and booking timestamps, then resolve the source-field disagreement.",P0 - Repair chronology,0,3767,2023-03-02 00:00:00,CHANNEL_PARTNER,REFERRAL,890,Arjun Kapoor,6874,2025-07-22 16:40:34.145282,1629,Meenal Duville ,,,-873.694839644,True,True,Not available,,Booking date is earlier than referral submission; source mismatch cannot be scored as bypass.,aloha,False,Same referral enquiry link,booking source in ['REFERRAL']
INTEGRITY-6876,Data Integrity,Reverse-time data integrity,"Validate referral and booking timestamps, then resolve the source-field disagreement.",P0 - Repair chronology,0,3768,2023-03-05 00:00:00,CHANNEL_PARTNER,REFERRAL,893,Nandini Reddy,6876,2025-07-22 16:41:03.193270,1629,Meenal Duville ,,,-870.695175848,True,True,Not available,,Booking date is earlier than referral submission; source mismatch cannot be scored as bypass.,aloha,False,Same referral enquiry link,booking source in ['REFERRAL']
INTEGRITY-6878,Data Integrity,Reverse-time data integrity,"Validate referral and booking timestamps, then resolve the source-field disagreement.",P0 - Repair chronology,0,3769,2023-03-08 00:00:00,CHANNEL_PARTNER,REFERRAL,896,Karthik Iyer,6878,2025-07-22 16:41:31.130186,1629,Meenal Duville ,,,-867.695499192,True,True,Not available,,Booking date is earlier than referral submission; source mismatch cannot be scored as bypass.,aloha,False,Same referral enquiry link,booking source in ['REFERRAL']
INTEGRITY-6880,Data Integrity,Reverse-time data integrity,"Validate referral and booking timestamps, then resolve the source-field disagreement.",P0 - Repair chronology,0,3770,2023-03-11 00:00:00,CHANNEL_PARTNER,REFERRAL,899,Kavita Singhania,6880,2025-07-22 16:41:58.046017,1629,Meenal Duville ,,,-864.695810718,True,True,Not available,,Booking date is earlier than referral submission; source mismatch cannot be scored as bypass.,aloha,False,Same referral enquiry link,booking source in ['REFERRAL']
INTEGRITY-6882,Data Integrity,Reverse-time data integrity,"Validate referral and booking timestamps, then resolve the source-field disagreement.",P0 - Repair chronology,0,3771,2023-03-14 00:00:00,CHANNEL_PARTNER,REFERRAL,902,Prateek Sharma,6882,2025-07-22 16:42:26.700582,1629,Meenal Duville ,,,-861.696142368,True,True,Not available,,Booking date is earlier than referral submission; source mismatch cannot be scored as bypass.,aloha,False,Same referral enquiry link,booking source in ['REFERRAL']
INTEGRITY-7739,Data Integrity,Reverse-time data integrity,"Validate referral and booking timestamps, then resolve the source-field disagreement.",P0 - Repair chronology,0,4230,2023-02-24 00:00:00,CHANNEL_PARTNER,REFERRAL,884,Akash Singh,7739,2025-10-10 10:34:46.796369,1737,Gaurav,,,-959.440819402,True,True,Not available,,Booking date is earlier than referral submission; source mismatch cannot be scored as bypass.,aloha,False,Same referral enquiry link,booking source in ['REFERRAL']
INTEGRITY-7741,Data Integrity,Reverse-time data integrity,"Validate referral and booking timestamps, then resolve the source-field disagreement.",P0 - Repair chronology,0,4231,2023-02-27 00:00:00,CHANNEL_PARTNER,REFERRAL,887,Aarti Desai,7741,2025-10-10 10:35:12.324248,1737,Gaurav,,,-956.441114864,True,True,Not available,,Booking date is earlier than referral submission; source mismatch cannot be scored as bypass.,aloha,False,Same referral enquiry link,booking source in ['REFERRAL']
INTEGRITY-7743,Data Integrity,Reverse-time data integrity,"Validate referral and booking timestamps, then resolve the source-field disagreement.",P0 - Repair chronology,0,4232,2023-03-02 00:00:00,CHANNEL_PARTNER,REFERRAL,890,Arjun Kapoor,7743,2025-10-10 10:35:37.497058,1737,Gaurav,,,-953.441406216,True,True,Not available,,Booking date is earlier than referral submission; source mismatch cannot be scored as bypass.,aloha,False,Same referral enquiry link,booking source in ['REFERRAL']
INTEGRITY-7746,Data Integrity,Reverse-time data integrity,"Validate referral and booking timestamps, then resolve the source-field disagreement.",P0 - Repair chronology,0,4233,2023-03-05 00:00:00,CHANNEL_PARTNER,REFERRAL,893,Nandini Reddy,7746,2025-10-10 10:36:05.306616,1737,Gaurav,,,-950.441728086,True,True,Not available,,Booking date is earlier than referral submission; source mismatch cannot be scored as bypass.,aloha,False,Same referral enquiry link,booking source in ['REFERRAL']
INTEGRITY-7747,Data Integrity,Reverse-time data integrity,"Validate referral and booking timestamps, then resolve the source-field disagreement.",P0 - Repair chronology,0,4234,2023-02-24 00:00:00,CHANNEL_PARTNER,REFERRAL,884,Akash Singh,7747,2025-10-10 10:36:14.349526,1738,Pradeep,,,-959.441832749,True,True,Not available,,Booking date is earlier than referral submission; source mismatch cannot be scored as bypass.,aloha,False,Same referral enquiry link,booking source in ['REFERRAL']
INTEGRITY-7751,Data Integrity,Reverse-time data integrity,"Validate referral and booking timestamps, then resolve the source-field disagreement.",P0 - Repair chronology,0,4235,2023-03-08 00:00:00,CHANNEL_PARTNER,REFERRAL,896,Karthik Iyer,7751,2025-10-10 10:36:36.992080,1737,Gaurav,,,-947.442094816,True,True,Not available,,Booking date is earlier than referral submission; source mismatch cannot be scored as bypass.,aloha,False,Same referral enquiry link,booking source in ['REFERRAL']
INTEGRITY-7752,Data Integrity,Reverse-time data integrity,"Validate referral and booking timestamps, then resolve the source-field disagreement.",P0 - Repair chronology,0,4236,2023-02-27 00:00:00,CHANNEL_PARTNER,REFERRAL,887,Aarti Desai,7752,2025-10-10 10:36:48.826328,1738,Pradeep,,,-956.442231786,True,True,Not available,,Booking date is earlier than referral submission; source mismatch cannot be scored as bypass.,aloha,False,Same referral enquiry link,booking source in ['REFERRAL']
INTEGRITY-7757,Data Integrity,Reverse-time data integrity,"Validate referral and booking timestamps, then resolve the source-field disagreement.",P0 - Repair chronology,0,4238,2023-03-11 00:00:00,CHANNEL_PARTNER,REFERRAL,899,Kavita Singhania,7757,2025-10-10 10:37:11.592596,1737,Gaurav,,,-944.442495285,True,True,Not available,,Booking date is earlier than referral submission; source mismatch cannot be scored as bypass.,aloha,False,Same referral enquiry link,booking source in ['REFERRAL']
INTEGRITY-7758,Data Integrity,Reverse-time data integrity,"Validate referral and booking timestamps, then resolve the source-field disagreement.",P0 - Repair chronology,0,4239,2023-03-02 00:00:00,CHANNEL_PARTNER,REFERRAL,890,Arjun Kapoor,7758,2025-10-10 10:37:23.757058,1738,Pradeep,,,-953.442636077,True,True,Not available,,Booking date is earlier than referral submission; source mismatch cannot be scored as bypass.,aloha,False,Same referral enquiry link,booking source in ['REFERRAL']
INTEGRITY-7763,Data Integrity,Reverse-time data integrity,"Validate referral and booking timestamps, then resolve the source-field disagreement.",P0 - Repair chronology,0,4241,2023-03-14 00:00:00,CHANNEL_PARTNER,REFERRAL,902,Prateek Sharma,7763,2025-10-10 10:37:46.360651,1737,Gaurav,,,-941.442897693,True,True,Not available,,Booking date is earlier than referral submission; source mismatch cannot be scored as bypass.,aloha,False,Same referral enquiry link,booking source in ['REFERRAL']
INTEGRITY-7764,Data Integrity,Reverse-time data integrity,"Validate referral and booking timestamps, then resolve the source-field disagreement.",P0 - Repair chronology,0,4242,2023-03-05 00:00:00,CHANNEL_PARTNER,REFERRAL,893,Nandini Reddy,7764,2025-10-10 10:37:57.927268,1738,Pradeep,,,-950.443031566,True,True,Not available,,Booking date is earlier than referral submission; source mismatch cannot be scored as bypass.,aloha,False,Same referral enquiry link,booking source in ['REFERRAL']
INTEGRITY-7768,Data Integrity,Reverse-time data integrity,"Validate referral and booking timestamps, then resolve the source-field disagreement.",P0 - Repair chronology,0,4244,2023-03-08 00:00:00,CHANNEL_PARTNER,REFERRAL,896,Karthik Iyer,7768,2025-10-10 10:38:43.945569,1738,Pradeep,,,-947.443564185,True,True,Not available,,Booking date is earlier than referral submission; source mismatch cannot be scored as bypass.,aloha,False,Same referral enquiry link,booking source in ['REFERRAL']
INTEGRITY-7772,Data Integrity,Reverse-time data integrity,"Validate referral and booking timestamps, then resolve the source-field disagreement.",P0 - Repair chronology,0,4246,2023-03-11 00:00:00,CHANNEL_PARTNER,REFERRAL,899,Kavita Singhania,7772,2025-10-10 10:39:26.364151,1738,Pradeep,,,-944.444055141,True,True,Not available,,Booking date is earlier than referral submission; source mismatch cannot be scored as bypass.,aloha,False,Same referral enquiry link,booking source in ['REFERRAL']
INTEGRITY-7776,Data Integrity,Reverse-time data integrity,"Validate referral and booking timestamps, then resolve the source-field disagreement.",P0 - Repair chronology,0,4248,2023-03-14 00:00:00,CHANNEL_PARTNER,REFERRAL,902,Prateek Sharma,7776,2025-10-10 10:39:58.152223,1738,Pradeep,,,-941.444423058,True,True,Not available,,Booking date is earlier than referral submission; source mismatch cannot be scored as bypass.,aloha,False,Same referral enquiry link,booking source in ['REFERRAL']
INTEGRITY-9322,Data Integrity,Reverse-time data integrity,"Validate referral and booking timestamps, then resolve the source-field disagreement.",P0 - Repair chronology,0,4985,2023-02-24 00:00:00,CHANNEL_PARTNER,REFERRAL,884,Akash Singh,9322,2026-04-02 18:26:41.222119,1969,Kartikeyan Mohan,,,-1133.76853266,True,True,Not available,,Booking date is earlier than referral submission; source mismatch cannot be scored as bypass.,aloha,False,Same referral enquiry link,booking source in ['REFERRAL']
INTEGRITY-9333,Data Integrity,Reverse-time data integrity,"Validate referral and booking timestamps, then resolve the source-field disagreement.",P0 - Repair chronology,0,4990,2023-02-27 00:00:00,CHANNEL_PARTNER,REFERRAL,887,Aarti Desai,9333,2026-04-02 18:27:45.958564,1969,Kartikeyan Mohan,,,-1130.76928193,True,True,Not available,,Booking date is earlier than referral submission; source mismatch cannot be scored as bypass.,aloha,False,Same referral enquiry link,booking source in ['REFERRAL']
INTEGRITY-9345,Data Integrity,Reverse-time data integrity,"Validate referral and booking timestamps, then resolve the source-field disagreement.",P0 - Repair chronology,0,4995,2023-03-02 00:00:00,CHANNEL_PARTNER,REFERRAL,890,Arjun Kapoor,9345,2026-04-02 18:29:01.572108,1969,Kartikeyan Mohan,,,-1127.77015708,True,True,Not available,,Booking date is earlier than referral submission; source mismatch cannot be scored as bypass.,aloha,False,Same referral enquiry link,booking source in ['REFERRAL']
INTEGRITY-9358,Data Integrity,Reverse-time data integrity,"Validate referral and booking timestamps, then resolve the source-field disagreement.",P0 - Repair chronology,0,5002,2023-03-05 00:00:00,CHANNEL_PARTNER,REFERRAL,893,Nandini Reddy,9358,2026-04-02 18:30:18.836787,1969,Kartikeyan Mohan,,,-1124.77105135,True,True,Not available,,Booking date is earlier than referral submission; source mismatch cannot be scored as bypass.,aloha,False,Same referral enquiry link,booking source in ['REFERRAL']
INTEGRITY-9371,Data Integrity,Reverse-time data integrity,"Validate referral and booking timestamps, then resolve the source-field disagreement.",P0 - Repair chronology,0,5008,2023-03-08 00:00:00,CHANNEL_PARTNER,REFERRAL,896,Karthik Iyer,9371,2026-04-02 18:31:30.387272,1969,Kartikeyan Mohan,,,-1121.77187948,True,True,Not available,,Booking date is earlier than referral submission; source mismatch cannot be scored as bypass.,aloha,False,Same referral enquiry link,booking source in ['REFERRAL']
INTEGRITY-9382,Data Integrity,Reverse-time data integrity,"Validate referral and booking timestamps, then resolve the source-field disagreement.",P0 - Repair chronology,0,5015,2023-03-11 00:00:00,CHANNEL_PARTNER,REFERRAL,899,Kavita Singhania,9382,2026-04-02 18:32:38.425176,1969,Kartikeyan Mohan,,,-1118.77266696,True,True,Not available,,Booking date is earlier than referral submission; source mismatch cannot be scored as bypass.,aloha,False,Same referral enquiry link,booking source in ['REFERRAL']
INTEGRITY-9392,Data Integrity,Reverse-time data integrity,"Validate referral and booking timestamps, then resolve the source-field disagreement.",P0 - Repair chronology,0,5020,2023-03-14 00:00:00,CHANNEL_PARTNER,REFERRAL,902,Prateek Sharma,9392,2026-04-02 18:33:33.783803,1969,Kartikeyan Mohan,,,-1115.77330768,True,True,Not available,,Booking date is earlier than referral submission; source mismatch cannot be scored as bypass.,aloha,False,Same referral enquiry link,booking source in ['REFERRAL']
PRIMARY-1206,Tier B - Ambiguous attribution review,Primary attribution review,Verify referral ownership in source CRM and confirm whether multiple prior referrers are valid.,P1 - Verify attribution,1,1206,2024-06-22 23:00:00,<NULL>,CHANNEL_PARTNER,897,Deepika Verma,1784,2024-06-20 16:58:51.247138,541,Shivaleela,10,10,2.25079575072,True,False,Positive contextual value,50000,Multiple prior referrers,aloha,False,Exact client + lead_id,booking source in ['REFERRAL']
PRIMARY-3331,Tier B - Ambiguous attribution review,Primary attribution review,Verify referral ownership in source CRM and confirm whether multiple prior referrers are valid.,P1 - Verify attribution,1,3331,2025-04-03 00:00:00,CHANNEL_PARTNER,CHANNEL_PARTNER,898,Siddharth Patel,5989,2025-04-01 15:15:42.553829,1497,Nasser,134,134,1.36409081216,True,False,Positive contextual value,5000000,Multiple prior referrers,aloha,False,Exact client + lead_id,booking source in ['REFERRAL']
PRIMARY-4913,Tier B - Ambiguous attribution review,Primary attribution review,Verify referral ownership in source CRM and confirm whether multiple prior referrers are valid.,P1 - Verify attribution,1,4913,2026-03-15 00:00:00,CHANNEL_PARTNER,CHANNEL_PARTNER,901,Sunita Chatterjee,9142,2026-03-11 12:41:57.766398,1930,nitya,236,236,3.47085918521,True,False,Positive contextual value,2000000,Multiple prior referrers,aloha,False,Exact client + lead_id,booking source in ['REFERRAL']
PRIMARY-935,Tier B - Ambiguous attribution review,Primary attribution review,Verify referral ownership in source CRM and confirm whether multiple prior referrers are valid.,P1 - Verify attribution,1,935,2024-09-05 00:00:00,CHANNEL_PARTNER,CHANNEL_PARTNER,887,Aarti Desai,3608,2024-09-02 15:27:01.683765,914,Fatima,61,61,2.35623051198,True,True,Repeated-digit pattern,11111111,Multiple prior referrers and timeline ambiguity,aloha,False,Exact client + lead_id,booking source in ['REFERRAL']
SECONDARY-2734,Tier C - Secondary identity review,Secondary identity review,Confirm the client and lead identity before any attribution decision.,P2 - Confirm identity,2,2734,2024-12-26 00:00:00,CHANNEL_PARTNER,CHANNEL_PARTNER,1192,Pqr,4323,2024-11-05 17:33:34.709563,1085,Priya,,,50.2683482689,True,False,Positive contextual value,10000,Exact encrypted identity match but booking and referral lead IDs differ,aloha,False,Exact encrypted mobile,booking source in ['REFERRAL']
SECONDARY-4849,Tier C - Secondary identity review,Secondary identity review,Confirm the client and lead identity before any attribution decision.,P2 - Confirm identity,2,4849,2026-02-10 00:00:00,CHANNEL_PARTNER,CHANNEL_PARTNER,1652,morris,7879,2025-10-15 16:17:54.913153,1748,Morris        ,,,117.320892209,False,False,Positive contextual value,10000000,Exact encrypted identity match with lead-ID collision,aloha,False,Exact encrypted mobile,booking source in ['REFERRAL']
SECONDARY-4850,Tier C - Secondary identity review,Secondary identity review,Confirm the client and lead identity before any attribution decision.,P2 - Confirm identity,2,4850,2026-02-11 00:00:00,CHANNEL_PARTNER,CHANNEL_PARTNER,1653,Eric,7879,2025-10-15 16:17:54.913153,1748,Morris        ,,,118.320892209,False,False,Positive contextual value,1000000,Exact encrypted identity match with lead-ID collision,aloha,False,Exact encrypted mobile,booking source in ['REFERRAL']
