policy_id,policy_label,policy_mode,attribution_window,window_days,eligible_bookings,primary_review_candidates,primary_review_in_window_count,primary_review_in_window_booking_ids,auto_assignable_count,manual_review_count,tier_b_auto_owner_count,tier_b_manual_review_count,baseline_tier_b_cases_in_window_count,baseline_tier_b_cases_in_window_booking_ids,window_recomputed_tier_b_count,window_recomputed_tier_b_booking_ids,recommended_policy,notes
P-LAST,Latest prior referrer owns,latest,30 days,30,11,4,4,"935, 1206, 3331, 4913",11,0,3,0,4,"935, 1206, 3331, 4913",3,"935, 1206, 4913",False,Detection reference only; does not prove ownership.
P-FIRST,First prior referrer owns,first,30 days,30,11,4,4,"935, 1206, 3331, 4913",11,0,3,0,4,"935, 1206, 3331, 4913",3,"935, 1206, 4913",False,Alternative chronology rule; does not prove ownership.
P-MANUAL,Manual review for multiple prior referrers,manual_when_multiple,30 days,30,11,4,4,"935, 1206, 3331, 4913",7,4,0,3,4,"935, 1206, 3331, 4913",3,"935, 1206, 4913",True,Recommended 90-day provisional policy.
P-SAME-PROJECT-LAST,Latest same-project referrer owns,same_project_latest,30 days,30,11,4,4,"935, 1206, 3331, 4913",10,1,3,0,4,"935, 1206, 3331, 4913",3,"935, 1206, 4913",False,"Same project is a helpful signal, not proof of ownership."
P-LAST,Latest prior referrer owns,latest,60 days,60,11,4,4,"935, 1206, 3331, 4913",11,0,4,0,4,"935, 1206, 3331, 4913",4,"935, 1206, 3331, 4913",False,Detection reference only; does not prove ownership.
P-FIRST,First prior referrer owns,first,60 days,60,11,4,4,"935, 1206, 3331, 4913",11,0,4,0,4,"935, 1206, 3331, 4913",4,"935, 1206, 3331, 4913",False,Alternative chronology rule; does not prove ownership.
P-MANUAL,Manual review for multiple prior referrers,manual_when_multiple,60 days,60,11,4,4,"935, 1206, 3331, 4913",6,5,0,4,4,"935, 1206, 3331, 4913",4,"935, 1206, 3331, 4913",True,Recommended 90-day provisional policy.
P-SAME-PROJECT-LAST,Latest same-project referrer owns,same_project_latest,60 days,60,11,4,4,"935, 1206, 3331, 4913",10,1,4,0,4,"935, 1206, 3331, 4913",4,"935, 1206, 3331, 4913",False,"Same project is a helpful signal, not proof of ownership."
P-LAST,Latest prior referrer owns,latest,90 days,90,12,4,4,"935, 1206, 3331, 4913",12,0,4,0,4,"935, 1206, 3331, 4913",4,"935, 1206, 3331, 4913",False,Detection reference only; does not prove ownership.
P-FIRST,First prior referrer owns,first,90 days,90,12,4,4,"935, 1206, 3331, 4913",12,0,4,0,4,"935, 1206, 3331, 4913",4,"935, 1206, 3331, 4913",False,Alternative chronology rule; does not prove ownership.
P-MANUAL,Manual review for multiple prior referrers,manual_when_multiple,90 days,90,12,4,4,"935, 1206, 3331, 4913",7,5,0,4,4,"935, 1206, 3331, 4913",4,"935, 1206, 3331, 4913",True,Recommended 90-day provisional policy.
P-SAME-PROJECT-LAST,Latest same-project referrer owns,same_project_latest,90 days,90,12,4,4,"935, 1206, 3331, 4913",12,0,4,0,4,"935, 1206, 3331, 4913",4,"935, 1206, 3331, 4913",False,"Same project is a helpful signal, not proof of ownership."
P-LAST,Latest prior referrer owns,latest,180 days,180,12,4,4,"935, 1206, 3331, 4913",12,0,4,0,4,"935, 1206, 3331, 4913",4,"935, 1206, 3331, 4913",False,Detection reference only; does not prove ownership.
P-FIRST,First prior referrer owns,first,180 days,180,12,4,4,"935, 1206, 3331, 4913",12,0,4,0,4,"935, 1206, 3331, 4913",4,"935, 1206, 3331, 4913",False,Alternative chronology rule; does not prove ownership.
P-MANUAL,Manual review for multiple prior referrers,manual_when_multiple,180 days,180,12,4,4,"935, 1206, 3331, 4913",7,5,0,4,4,"935, 1206, 3331, 4913",4,"935, 1206, 3331, 4913",True,Recommended 90-day provisional policy.
P-SAME-PROJECT-LAST,Latest same-project referrer owns,same_project_latest,180 days,180,12,4,4,"935, 1206, 3331, 4913",12,0,4,0,4,"935, 1206, 3331, 4913",4,"935, 1206, 3331, 4913",False,"Same project is a helpful signal, not proof of ownership."
P-LAST,Latest prior referrer owns,latest,Unlimited,,12,4,4,"935, 1206, 3331, 4913",12,0,4,0,4,"935, 1206, 3331, 4913",4,"935, 1206, 3331, 4913",False,Detection reference only; does not prove ownership.
P-FIRST,First prior referrer owns,first,Unlimited,,12,4,4,"935, 1206, 3331, 4913",12,0,4,0,4,"935, 1206, 3331, 4913",4,"935, 1206, 3331, 4913",False,Alternative chronology rule; does not prove ownership.
P-MANUAL,Manual review for multiple prior referrers,manual_when_multiple,Unlimited,,12,4,4,"935, 1206, 3331, 4913",7,5,0,4,4,"935, 1206, 3331, 4913",4,"935, 1206, 3331, 4913",True,Recommended 90-day provisional policy.
P-SAME-PROJECT-LAST,Latest same-project referrer owns,same_project_latest,Unlimited,,12,4,4,"935, 1206, 3331, 4913",12,0,4,0,4,"935, 1206, 3331, 4913",4,"935, 1206, 3331, 4913",False,"Same project is a helpful signal, not proof of ownership."
