issue_reason,review_class,client_name,referral_enquiry_id,referral_submitted_at,referral_source_norm,referral_lead_id,lead_name,referrer_user_id,referrer_name,referral_project_id,projectName,booking_on_referral_id,booking_on_referral_at,booking_on_referral_source_norm,same_enquiry_time_status,same_enquiry_honored_strict,source_disagreement_flag,referral_test_demo_flag
Booking date is earlier than referral submission; source mismatch cannot be scored as bypass.,Data Integrity - Reverse Time,aloha,9392,2026-04-02 18:33:33.783803,REFERRAL,902,Prateek Sharma,1969,Kartikeyan Mohan,2,Aloha Sky,5020,2023-03-14,CHANNEL_PARTNER,Reverse Time,False,True,False
Booking date is earlier than referral submission; source mismatch cannot be scored as bypass.,Data Integrity - Reverse Time,aloha,9382,2026-04-02 18:32:38.425176,REFERRAL,899,Kavita Singhania,1969,Kartikeyan Mohan,2,Aloha Sky,5015,2023-03-11,CHANNEL_PARTNER,Reverse Time,False,True,False
Booking date is earlier than referral submission; source mismatch cannot be scored as bypass.,Data Integrity - Reverse Time,aloha,9371,2026-04-02 18:31:30.387272,REFERRAL,896,Karthik Iyer,1969,Kartikeyan Mohan,2,Aloha Sky,5008,2023-03-08,CHANNEL_PARTNER,Reverse Time,False,True,False
Booking date is earlier than referral submission; source mismatch cannot be scored as bypass.,Data Integrity - Reverse Time,aloha,9358,2026-04-02 18:30:18.836787,REFERRAL,893,Nandini Reddy,1969,Kartikeyan Mohan,2,Aloha Sky,5002,2023-03-05,CHANNEL_PARTNER,Reverse Time,False,True,False
Booking date is earlier than referral submission; source mismatch cannot be scored as bypass.,Data Integrity - Reverse Time,aloha,9345,2026-04-02 18:29:01.572108,REFERRAL,890,Arjun Kapoor,1969,Kartikeyan Mohan,2,Aloha Sky,4995,2023-03-02,CHANNEL_PARTNER,Reverse Time,False,True,False
Booking date is earlier than referral submission; source mismatch cannot be scored as bypass.,Data Integrity - Reverse Time,aloha,9333,2026-04-02 18:27:45.958564,REFERRAL,887,Aarti Desai,1969,Kartikeyan Mohan,2,Aloha Sky,4990,2023-02-27,CHANNEL_PARTNER,Reverse Time,False,True,False
Booking date is earlier than referral submission; source mismatch cannot be scored as bypass.,Data Integrity - Reverse Time,aloha,9322,2026-04-02 18:26:41.222119,REFERRAL,884,Akash Singh,1969,Kartikeyan Mohan,2,Aloha Sky,4985,2023-02-24,CHANNEL_PARTNER,Reverse Time,False,True,False
Booking date is earlier than referral submission; source mismatch cannot be scored as bypass.,Data Integrity - Reverse Time,aloha,7776,2025-10-10 10:39:58.152223,REFERRAL,902,Prateek Sharma,1738,Pradeep,2,Aloha Sky,4248,2023-03-14,CHANNEL_PARTNER,Reverse Time,False,True,False
Booking date is earlier than referral submission; source mismatch cannot be scored as bypass.,Data Integrity - Reverse Time,aloha,7772,2025-10-10 10:39:26.364151,REFERRAL,899,Kavita Singhania,1738,Pradeep,2,Aloha Sky,4246,2023-03-11,CHANNEL_PARTNER,Reverse Time,False,True,False
Booking date is earlier than referral submission; source mismatch cannot be scored as bypass.,Data Integrity - Reverse Time,aloha,7768,2025-10-10 10:38:43.945569,REFERRAL,896,Karthik Iyer,1738,Pradeep,2,Aloha Sky,4244,2023-03-08,CHANNEL_PARTNER,Reverse Time,False,True,False
Booking date is earlier than referral submission; source mismatch cannot be scored as bypass.,Data Integrity - Reverse Time,aloha,7764,2025-10-10 10:37:57.927268,REFERRAL,893,Nandini Reddy,1738,Pradeep,2,Aloha Sky,4242,2023-03-05,CHANNEL_PARTNER,Reverse Time,False,True,False
Booking date is earlier than referral submission; source mismatch cannot be scored as bypass.,Data Integrity - Reverse Time,aloha,7763,2025-10-10 10:37:46.360651,REFERRAL,902,Prateek Sharma,1737,Gaurav,2,Aloha Sky,4241,2023-03-14,CHANNEL_PARTNER,Reverse Time,False,True,False
Booking date is earlier than referral submission; source mismatch cannot be scored as bypass.,Data Integrity - Reverse Time,aloha,7758,2025-10-10 10:37:23.757058,REFERRAL,890,Arjun Kapoor,1738,Pradeep,2,Aloha Sky,4239,2023-03-02,CHANNEL_PARTNER,Reverse Time,False,True,False
Booking date is earlier than referral submission; source mismatch cannot be scored as bypass.,Data Integrity - Reverse Time,aloha,7757,2025-10-10 10:37:11.592596,REFERRAL,899,Kavita Singhania,1737,Gaurav,2,Aloha Sky,4238,2023-03-11,CHANNEL_PARTNER,Reverse Time,False,True,False
Booking date is earlier than referral submission; source mismatch cannot be scored as bypass.,Data Integrity - Reverse Time,aloha,7752,2025-10-10 10:36:48.826328,REFERRAL,887,Aarti Desai,1738,Pradeep,2,Aloha Sky,4236,2023-02-27,CHANNEL_PARTNER,Reverse Time,False,True,False
Booking date is earlier than referral submission; source mismatch cannot be scored as bypass.,Data Integrity - Reverse Time,aloha,7751,2025-10-10 10:36:36.992080,REFERRAL,896,Karthik Iyer,1737,Gaurav,2,Aloha Sky,4235,2023-03-08,CHANNEL_PARTNER,Reverse Time,False,True,False
Booking date is earlier than referral submission; source mismatch cannot be scored as bypass.,Data Integrity - Reverse Time,aloha,7747,2025-10-10 10:36:14.349526,REFERRAL,884,Akash Singh,1738,Pradeep,2,Aloha Sky,4234,2023-02-24,CHANNEL_PARTNER,Reverse Time,False,True,False
Booking date is earlier than referral submission; source mismatch cannot be scored as bypass.,Data Integrity - Reverse Time,aloha,7746,2025-10-10 10:36:05.306616,REFERRAL,893,Nandini Reddy,1737,Gaurav,2,Aloha Sky,4233,2023-03-05,CHANNEL_PARTNER,Reverse Time,False,True,False
Booking date is earlier than referral submission; source mismatch cannot be scored as bypass.,Data Integrity - Reverse Time,aloha,7743,2025-10-10 10:35:37.497058,REFERRAL,890,Arjun Kapoor,1737,Gaurav,2,Aloha Sky,4232,2023-03-02,CHANNEL_PARTNER,Reverse Time,False,True,False
Booking date is earlier than referral submission; source mismatch cannot be scored as bypass.,Data Integrity - Reverse Time,aloha,7741,2025-10-10 10:35:12.324248,REFERRAL,887,Aarti Desai,1737,Gaurav,2,Aloha Sky,4231,2023-02-27,CHANNEL_PARTNER,Reverse Time,False,True,False
Booking date is earlier than referral submission; source mismatch cannot be scored as bypass.,Data Integrity - Reverse Time,aloha,7739,2025-10-10 10:34:46.796369,REFERRAL,884,Akash Singh,1737,Gaurav,2,Aloha Sky,4230,2023-02-24,CHANNEL_PARTNER,Reverse Time,False,True,False
Booking date is earlier than referral submission; source mismatch cannot be scored as bypass.,Data Integrity - Reverse Time,aloha,6882,2025-07-22 16:42:26.700582,REFERRAL,902,Prateek Sharma,1629,Meenal Duville ,2,Aloha Sky,3771,2023-03-14,CHANNEL_PARTNER,Reverse Time,False,True,False
Booking date is earlier than referral submission; source mismatch cannot be scored as bypass.,Data Integrity - Reverse Time,aloha,6880,2025-07-22 16:41:58.046017,REFERRAL,899,Kavita Singhania,1629,Meenal Duville ,2,Aloha Sky,3770,2023-03-11,CHANNEL_PARTNER,Reverse Time,False,True,False
Booking date is earlier than referral submission; source mismatch cannot be scored as bypass.,Data Integrity - Reverse Time,aloha,6878,2025-07-22 16:41:31.130186,REFERRAL,896,Karthik Iyer,1629,Meenal Duville ,2,Aloha Sky,3769,2023-03-08,CHANNEL_PARTNER,Reverse Time,False,True,False
Booking date is earlier than referral submission; source mismatch cannot be scored as bypass.,Data Integrity - Reverse Time,aloha,6876,2025-07-22 16:41:03.193270,REFERRAL,893,Nandini Reddy,1629,Meenal Duville ,2,Aloha Sky,3768,2023-03-05,CHANNEL_PARTNER,Reverse Time,False,True,False
Booking date is earlier than referral submission; source mismatch cannot be scored as bypass.,Data Integrity - Reverse Time,aloha,6874,2025-07-22 16:40:34.145282,REFERRAL,890,Arjun Kapoor,1629,Meenal Duville ,2,Aloha Sky,3767,2023-03-02,CHANNEL_PARTNER,Reverse Time,False,True,False
Booking date is earlier than referral submission; source mismatch cannot be scored as bypass.,Data Integrity - Reverse Time,aloha,6872,2025-07-22 16:40:06.108167,REFERRAL,887,Aarti Desai,1629,Meenal Duville ,2,Aloha Sky,3766,2023-02-27,CHANNEL_PARTNER,Reverse Time,False,True,False
Booking date is earlier than referral submission; source mismatch cannot be scored as bypass.,Data Integrity - Reverse Time,aloha,6870,2025-07-22 16:39:36.730083,REFERRAL,884,Akash Singh,1629,Meenal Duville ,2,Aloha Sky,3765,2023-02-24,CHANNEL_PARTNER,Reverse Time,False,True,False
