referral_enquiry_id,referral_submitted_at,referral_enquiry_status,stage,source,referralSource,referral_project_id_original,projectName,referrer_user_id,referrer_name,referral_lead_id_original,lead_name,lead_hash_id,booking_on_referral_enquiry_id,booking_on_referral_date_parsed,booking_on_referral_status,booking_on_referral_source,booking_on_referral_source_norm,own_enquiry_honored,own_enquiry_status
6870,2025-07-22 16:39:36.730083,INVOICE_UPLOADED,NULL,REFERRAL,NULL,2,Aloha Sky,1629,Meenal Duville ,884,Akash Singh,3d5180b295d483f3beac4600db22beb96c6edcae288ef8cd2e86cd28aa4cf967,3765,2023-02-24,INVOICE_UPLOADED,CHANNEL_PARTNER,CHANNEL_PARTNER,False,Own Enquiry Not Honored
7747,2025-10-10 10:36:14.349526,INVOICE_UPLOADED,NULL,REFERRAL,NULL,2,Aloha Sky,1738,Pradeep,884,Akash Singh,3d5180b295d483f3beac4600db22beb96c6edcae288ef8cd2e86cd28aa4cf967,4234,2023-02-24,INVOICE_UPLOADED,CHANNEL_PARTNER,CHANNEL_PARTNER,False,Own Enquiry Not Honored
9322,2026-04-02 18:26:41.222119,REGISTRATION_DONE,NULL,REFERRAL,NULL,2,Aloha Sky,1969,Kartikeyan Mohan,884,Akash Singh,3d5180b295d483f3beac4600db22beb96c6edcae288ef8cd2e86cd28aa4cf967,4985,2023-02-24,REGISTRATION_DONE,CHANNEL_PARTNER,CHANNEL_PARTNER,False,Own Enquiry Not Honored
7739,2025-10-10 10:34:46.796369,INVOICE_UPLOADED,NULL,REFERRAL,NULL,2,Aloha Sky,1737,Gaurav,884,Akash Singh,3d5180b295d483f3beac4600db22beb96c6edcae288ef8cd2e86cd28aa4cf967,4230,2023-02-24,INVOICE_UPLOADED,CHANNEL_PARTNER,CHANNEL_PARTNER,False,Own Enquiry Not Honored
9333,2026-04-02 18:27:45.958564,REGISTRATION_DONE,NULL,REFERRAL,NULL,2,Aloha Sky,1969,Kartikeyan Mohan,887,Aarti Desai,6e729258973656545dcca84cc42a1ea369a8852b65c2e73832e13762f40b0140,4990,2023-02-27,REGISTRATION_DONE,CHANNEL_PARTNER,CHANNEL_PARTNER,False,Own Enquiry Not Honored
7752,2025-10-10 10:36:48.826328,INVOICE_PAID,NULL,REFERRAL,NULL,2,Aloha Sky,1738,Pradeep,887,Aarti Desai,6e729258973656545dcca84cc42a1ea369a8852b65c2e73832e13762f40b0140,4236,2023-02-27,INVOICE_PAID,CHANNEL_PARTNER,CHANNEL_PARTNER,False,Own Enquiry Not Honored
6872,2025-07-22 16:40:06.108167,INVOICE_PAID,NULL,REFERRAL,NULL,2,Aloha Sky,1629,Meenal Duville ,887,Aarti Desai,6e729258973656545dcca84cc42a1ea369a8852b65c2e73832e13762f40b0140,3766,2023-02-27,INVOICE_PAID,CHANNEL_PARTNER,CHANNEL_PARTNER,False,Own Enquiry Not Honored
7741,2025-10-10 10:35:12.324248,INVOICE_PAID,NULL,REFERRAL,NULL,2,Aloha Sky,1737,Gaurav,887,Aarti Desai,6e729258973656545dcca84cc42a1ea369a8852b65c2e73832e13762f40b0140,4231,2023-02-27,INVOICE_PAID,CHANNEL_PARTNER,CHANNEL_PARTNER,False,Own Enquiry Not Honored
9345,2026-04-02 18:29:01.572108,REGISTRATION_DONE,NULL,REFERRAL,NULL,2,Aloha Sky,1969,Kartikeyan Mohan,890,Arjun Kapoor,f5e5aca9ef5b6aa2f02ffaf7bd6d2adf3150c5bc171d49ae7c2a017974ce162a,4995,2023-03-02,REGISTRATION_DONE,CHANNEL_PARTNER,CHANNEL_PARTNER,False,Own Enquiry Not Honored
7743,2025-10-10 10:35:37.497058,INVOICE_UPLOADED,NULL,REFERRAL,NULL,2,Aloha Sky,1737,Gaurav,890,Arjun Kapoor,f5e5aca9ef5b6aa2f02ffaf7bd6d2adf3150c5bc171d49ae7c2a017974ce162a,4232,2023-03-02,INVOICE_UPLOADED,CHANNEL_PARTNER,CHANNEL_PARTNER,False,Own Enquiry Not Honored
6874,2025-07-22 16:40:34.145282,INVOICE_UPLOADED,NULL,REFERRAL,NULL,2,Aloha Sky,1629,Meenal Duville ,890,Arjun Kapoor,f5e5aca9ef5b6aa2f02ffaf7bd6d2adf3150c5bc171d49ae7c2a017974ce162a,3767,2023-03-02,INVOICE_UPLOADED,CHANNEL_PARTNER,CHANNEL_PARTNER,False,Own Enquiry Not Honored
7758,2025-10-10 10:37:23.757058,INVOICE_UPLOADED,NULL,REFERRAL,NULL,2,Aloha Sky,1738,Pradeep,890,Arjun Kapoor,f5e5aca9ef5b6aa2f02ffaf7bd6d2adf3150c5bc171d49ae7c2a017974ce162a,4239,2023-03-02,INVOICE_UPLOADED,CHANNEL_PARTNER,CHANNEL_PARTNER,False,Own Enquiry Not Honored
9358,2026-04-02 18:30:18.836787,REGISTRATION_DONE,NULL,REFERRAL,NULL,2,Aloha Sky,1969,Kartikeyan Mohan,893,Nandini Reddy,5d6c12b972934a96b9f07a67e31dbaa2e5ae10a6eb9578116bfcbc6ff2dcca0e,5002,2023-03-05,REGISTRATION_DONE,CHANNEL_PARTNER,CHANNEL_PARTNER,False,Own Enquiry Not Honored
6876,2025-07-22 16:41:03.193270,INVOICE_UPLOADED,NULL,REFERRAL,NULL,2,Aloha Sky,1629,Meenal Duville ,893,Nandini Reddy,5d6c12b972934a96b9f07a67e31dbaa2e5ae10a6eb9578116bfcbc6ff2dcca0e,3768,2023-03-05,INVOICE_UPLOADED,CHANNEL_PARTNER,CHANNEL_PARTNER,False,Own Enquiry Not Honored
7746,2025-10-10 10:36:05.306616,INVOICE_UPLOADED,NULL,REFERRAL,NULL,2,Aloha Sky,1737,Gaurav,893,Nandini Reddy,5d6c12b972934a96b9f07a67e31dbaa2e5ae10a6eb9578116bfcbc6ff2dcca0e,4233,2023-03-05,INVOICE_UPLOADED,CHANNEL_PARTNER,CHANNEL_PARTNER,False,Own Enquiry Not Honored
7764,2025-10-10 10:37:57.927268,INVOICE_UPLOADED,NULL,REFERRAL,NULL,2,Aloha Sky,1738,Pradeep,893,Nandini Reddy,5d6c12b972934a96b9f07a67e31dbaa2e5ae10a6eb9578116bfcbc6ff2dcca0e,4242,2023-03-05,INVOICE_UPLOADED,CHANNEL_PARTNER,CHANNEL_PARTNER,False,Own Enquiry Not Honored
7768,2025-10-10 10:38:43.945569,REGISTRATION_DONE,NULL,REFERRAL,NULL,2,Aloha Sky,1738,Pradeep,896,Karthik Iyer,da52b59029f7a5da654e5b52c1b720a08594aad43154c4ee3007d82adafe9a6d,4244,2023-03-08,REGISTRATION_DONE,CHANNEL_PARTNER,CHANNEL_PARTNER,False,Own Enquiry Not Honored
6878,2025-07-22 16:41:31.130186,REGISTRATION_DONE,NULL,REFERRAL,NULL,2,Aloha Sky,1629,Meenal Duville ,896,Karthik Iyer,da52b59029f7a5da654e5b52c1b720a08594aad43154c4ee3007d82adafe9a6d,3769,2023-03-08,REGISTRATION_DONE,CHANNEL_PARTNER,CHANNEL_PARTNER,False,Own Enquiry Not Honored
7751,2025-10-10 10:36:36.992080,REGISTRATION_DONE,NULL,REFERRAL,NULL,2,Aloha Sky,1737,Gaurav,896,Karthik Iyer,da52b59029f7a5da654e5b52c1b720a08594aad43154c4ee3007d82adafe9a6d,4235,2023-03-08,REGISTRATION_DONE,CHANNEL_PARTNER,CHANNEL_PARTNER,False,Own Enquiry Not Honored
9371,2026-04-02 18:31:30.387272,REGISTRATION_DONE,NULL,REFERRAL,NULL,2,Aloha Sky,1969,Kartikeyan Mohan,896,Karthik Iyer,da52b59029f7a5da654e5b52c1b720a08594aad43154c4ee3007d82adafe9a6d,5008,2023-03-08,REGISTRATION_DONE,CHANNEL_PARTNER,CHANNEL_PARTNER,False,Own Enquiry Not Honored
6880,2025-07-22 16:41:58.046017,REGISTRATION_DONE,NULL,REFERRAL,NULL,2,Aloha Sky,1629,Meenal Duville ,899,Kavita Singhania,0833005b541bc6f7fa5be1c7c39c6edf77c8bf9f4a32499655867d9ea317a350,3770,2023-03-11,REGISTRATION_DONE,CHANNEL_PARTNER,CHANNEL_PARTNER,False,Own Enquiry Not Honored
7757,2025-10-10 10:37:11.592596,REGISTRATION_DONE,NULL,REFERRAL,NULL,2,Aloha Sky,1737,Gaurav,899,Kavita Singhania,0833005b541bc6f7fa5be1c7c39c6edf77c8bf9f4a32499655867d9ea317a350,4238,2023-03-11,REGISTRATION_DONE,CHANNEL_PARTNER,CHANNEL_PARTNER,False,Own Enquiry Not Honored
7772,2025-10-10 10:39:26.364151,REGISTRATION_DONE,NULL,REFERRAL,NULL,2,Aloha Sky,1738,Pradeep,899,Kavita Singhania,0833005b541bc6f7fa5be1c7c39c6edf77c8bf9f4a32499655867d9ea317a350,4246,2023-03-11,REGISTRATION_DONE,CHANNEL_PARTNER,CHANNEL_PARTNER,False,Own Enquiry Not Honored
9382,2026-04-02 18:32:38.425176,REGISTRATION_DONE,NULL,REFERRAL,NULL,2,Aloha Sky,1969,Kartikeyan Mohan,899,Kavita Singhania,0833005b541bc6f7fa5be1c7c39c6edf77c8bf9f4a32499655867d9ea317a350,5015,2023-03-11,REGISTRATION_DONE,CHANNEL_PARTNER,CHANNEL_PARTNER,False,Own Enquiry Not Honored
7763,2025-10-10 10:37:46.360651,BOOKING_DONE,NULL,REFERRAL,NULL,2,Aloha Sky,1737,Gaurav,902,Prateek Sharma,92998dcbd102cd61f91d7d7d4367136bca021e7250aa38529d22a3f5b7582764,4241,2023-03-14,BOOKING_DONE,CHANNEL_PARTNER,CHANNEL_PARTNER,False,Own Enquiry Not Honored
7776,2025-10-10 10:39:58.152223,BOOKING_DONE,NULL,REFERRAL,NULL,2,Aloha Sky,1738,Pradeep,902,Prateek Sharma,92998dcbd102cd61f91d7d7d4367136bca021e7250aa38529d22a3f5b7582764,4248,2023-03-14,BOOKING_DONE,CHANNEL_PARTNER,CHANNEL_PARTNER,False,Own Enquiry Not Honored
6882,2025-07-22 16:42:26.700582,BOOKING_DONE,NULL,REFERRAL,NULL,2,Aloha Sky,1629,Meenal Duville ,902,Prateek Sharma,92998dcbd102cd61f91d7d7d4367136bca021e7250aa38529d22a3f5b7582764,3771,2023-03-14,BOOKING_DONE,CHANNEL_PARTNER,CHANNEL_PARTNER,False,Own Enquiry Not Honored
9392,2026-04-02 18:33:33.783803,BOOKING_DONE,NULL,REFERRAL,NULL,2,Aloha Sky,1969,Kartikeyan Mohan,902,Prateek Sharma,92998dcbd102cd61f91d7d7d4367136bca021e7250aa38529d22a3f5b7582764,5020,2023-03-14,BOOKING_DONE,CHANNEL_PARTNER,CHANNEL_PARTNER,False,Own Enquiry Not Honored
